[{"model": "admin.logentry", "pk": 1, "fields": {"action_time": "2022-10-15T20:35:29.627Z", "user": 1, "content_type": 7, "object_id": "1", "object_repr": "ivory.com", "action_flag": 2, "change_message": "[{\"changed\": {\"fields\": [\"Domain name\", \"Display name\"]}}]"}}, {"model": "admin.logentry", "pk": 2, "fields": {"action_time": "2022-10-18T10:06:18.865Z", "user": 1, "content_type": 14, "object_id": "1", "object_repr": "test", "action_flag": 1, "change_message": "[{\"added\": {}}]"}}, {"model": "admin.logentry", "pk": 3, "fields": {"action_time": "2022-10-18T10:06:51.381Z", "user": 1, "content_type": 13, "object_id": "1", "object_repr": "T shirts", "action_flag": 1, "change_message": "[{\"added\": {}}]"}}, {"model": "admin.logentry", "pk": 4, "fields": {"action_time": "2022-10-18T10:07:00.500Z", "user": 1, "content_type": 13, "object_id": "1", "object_repr": "T shirts", "action_flag": 2, "change_message": "[{\"changed\": {\"fields\": [\"Friendly name\"]}}]"}}, {"model": "admin.logentry", "pk": 5, "fields": {"action_time": "2022-10-18T10:31:18.601Z", "user": 1, "content_type": 14, "object_id": "2", "object_repr": "test2", "action_flag": 1, "change_message": "[{\"added\": {}}]"}}, {"model": "admin.logentry", "pk": 6, "fields": {"action_time": "2022-10-18T10:31:32.498Z", "user": 1, "content_type": 14, "object_id": "3", "object_repr": "test3", "action_flag": 1, "change_message": "[{\"added\": {}}]"}}, {"model": "admin.logentry", "pk": 7, "fields": {"action_time": "2022-10-18T10:31:49.335Z", "user": 1, "content_type": 14, "object_id": "4", "object_repr": "test4", "action_flag": 1, "change_message": "[{\"added\": {}}]"}}, {"model": "admin.logentry", "pk": 8, "fields": {"action_time": "2022-10-19T10:06:41.144Z", "user": 1, "content_type": 14, "object_id": "2", "object_repr": "test2", "action_flag": 2, "change_message": "[{\"changed\": {\"fields\": [\"Image\"]}}]"}}, {"model": "admin.logentry", "pk": 9, "fields": {"action_time": "2022-10-19T10:20:09.839Z", "user": 1, "content_type": 14, "object_id": "4", "object_repr": "test4", "action_flag": 2, "change_message": "[{\"changed\": {\"fields\": [\"Image\"]}}]"}}, {"model": "admin.logentry", "pk": 10, "fields": {"action_time": "2022-10-19T12:47:17.572Z", "user": 1, "content_type": 14, "object_id": "5", "object_repr": "t-shirt", "action_flag": 1, "change_message": "[{\"added\": {}}]"}}, {"model": "admin.logentry", "pk": 11, "fields": {"action_time": "2022-10-19T12:47:32.565Z", "user": 1, "content_type": 14, "object_id": "6", "object_repr": "t-shirt", "action_flag": 1, "change_message": "[{\"added\": {}}]"}}, {"model": "admin.logentry", "pk": 12, "fields": {"action_time": "2022-10-19T12:47:32.975Z", "user": 1, "content_type": 14, "object_id": "7", "object_repr": "t-shirt", "action_flag": 1, "change_message": "[{\"added\": {}}]"}}, {"model": "admin.logentry", "pk": 13, "fields": {"action_time": "2022-10-19T12:47:33.135Z", "user": 1, "content_type": 14, "object_id": "8", "object_repr": "t-shirt", "action_flag": 1, "change_message": "[{\"added\": {}}]"}}, {"model": "admin.logentry", "pk": 14, "fields": {"action_time": "2022-10-19T12:47:33.287Z", "user": 1, "content_type": 14, "object_id": "9", "object_repr": "t-shirt", "action_flag": 1, "change_message": "[{\"added\": {}}]"}}, {"model": "admin.logentry", "pk": 15, "fields": {"action_time": "2022-10-19T12:47:33.356Z", "user": 1, "content_type": 14, "object_id": "10", "object_repr": "t-shirt", "action_flag": 1, "change_message": "[{\"added\": {}}]"}}, {"model": "admin.logentry", "pk": 16, "fields": {"action_time": "2022-10-19T12:47:33.513Z", "user": 1, "content_type": 14, "object_id": "11", "object_repr": "t-shirt", "action_flag": 1, "change_message": "[{\"added\": {}}]"}}, {"model": "admin.logentry", "pk": 17, "fields": {"action_time": "2022-10-19T12:47:33.676Z", "user": 1, "content_type": 14, "object_id": "12", "object_repr": "t-shirt", "action_flag": 1, "change_message": "[{\"added\": {}}]"}}, {"model": "admin.logentry", "pk": 18, "fields": {"action_time": "2022-10-19T12:47:33.825Z", "user": 1, "content_type": 14, "object_id": "13", "object_repr": "t-shirt", "action_flag": 1, "change_message": "[{\"added\": {}}]"}}, {"model": "admin.logentry", "pk": 19, "fields": {"action_time": "2022-10-19T12:47:33.893Z", "user": 1, "content_type": 14, "object_id": "14", "object_repr": "t-shirt", "action_flag": 1, "change_message": "[{\"added\": {}}]"}}, {"model": "admin.logentry", "pk": 20, "fields": {"action_time": "2022-10-19T12:47:34.043Z", "user": 1, "content_type": 14, "object_id": "15", "object_repr": "t-shirt", "action_flag": 1, "change_message": "[{\"added\": {}}]"}}, {"model": "admin.logentry", "pk": 21, "fields": {"action_time": "2022-10-19T12:47:55.821Z", "user": 1, "content_type": 14, "object_id": "16", "object_repr": "t-shirt", "action_flag": 1, "change_message": "[{\"added\": {}}]"}}, {"model": "admin.logentry", "pk": 22, "fields": {"action_time": "2022-10-19T12:48:15.102Z", "user": 1, "content_type": 14, "object_id": "15", "object_repr": "t-shirt", "action_flag": 3, "change_message": ""}}, {"model": "admin.logentry", "pk": 23, "fields": {"action_time": "2022-10-19T12:48:15.104Z", "user": 1, "content_type": 14, "object_id": "14", "object_repr": "t-shirt", "action_flag": 3, "change_message": ""}}, {"model": "admin.logentry", "pk": 24, "fields": {"action_time": "2022-10-19T12:48:15.105Z", "user": 1, "content_type": 14, "object_id": "13", "object_repr": "t-shirt", "action_flag": 3, "change_message": ""}}, {"model": "admin.logentry", "pk": 25, "fields": {"action_time": "2022-10-19T12:48:15.108Z", "user": 1, "content_type": 14, "object_id": "12", "object_repr": "t-shirt", "action_flag": 3, "change_message": ""}}, {"model": "admin.logentry", "pk": 26, "fields": {"action_time": "2022-10-19T12:48:15.110Z", "user": 1, "content_type": 14, "object_id": "11", "object_repr": "t-shirt", "action_flag": 3, "change_message": ""}}, {"model": "admin.logentry", "pk": 27, "fields": {"action_time": "2022-10-19T12:48:15.111Z", "user": 1, "content_type": 14, "object_id": "10", "object_repr": "t-shirt", "action_flag": 3, "change_message": ""}}, {"model": "admin.logentry", "pk": 28, "fields": {"action_time": "2022-10-19T12:48:15.113Z", "user": 1, "content_type": 14, "object_id": "9", "object_repr": "t-shirt", "action_flag": 3, "change_message": ""}}, {"model": "admin.logentry", "pk": 29, "fields": {"action_time": "2022-10-19T12:48:15.114Z", "user": 1, "content_type": 14, "object_id": "8", "object_repr": "t-shirt", "action_flag": 3, "change_message": ""}}, {"model": "admin.logentry", "pk": 30, "fields": {"action_time": "2022-10-19T12:48:15.115Z", "user": 1, "content_type": 14, "object_id": "7", "object_repr": "t-shirt", "action_flag": 3, "change_message": ""}}, {"model": "admin.logentry", "pk": 31, "fields": {"action_time": "2022-10-19T12:48:15.117Z", "user": 1, "content_type": 14, "object_id": "6", "object_repr": "t-shirt", "action_flag": 3, "change_message": ""}}, {"model": "admin.logentry", "pk": 32, "fields": {"action_time": "2022-10-19T12:48:15.118Z", "user": 1, "content_type": 14, "object_id": "5", "object_repr": "t-shirt", "action_flag": 3, "change_message": ""}}, {"model": "admin.logentry", "pk": 33, "fields": {"action_time": "2022-10-19T12:48:15.119Z", "user": 1, "content_type": 14, "object_id": "4", "object_repr": "test4", "action_flag": 3, "change_message": ""}}, {"model": "admin.logentry", "pk": 34, "fields": {"action_time": "2022-10-19T17:06:44.378Z", "user": 1, "content_type": 14, "object_id": "16", "object_repr": "t-shirt", "action_flag": 2, "change_message": "[{\"changed\": {\"fields\": [\"Category\"]}}]"}}, {"model": "admin.logentry", "pk": 35, "fields": {"action_time": "2022-10-19T17:11:40.792Z", "user": 1, "content_type": 14, "object_id": "17", "object_repr": "test-tshirt", "action_flag": 1, "change_message": "[{\"added\": {}}]"}}, {"model": "admin.logentry", "pk": 36, "fields": {"action_time": "2022-10-19T17:19:21.493Z", "user": 1, "content_type": 13, "object_id": "2", "object_repr": "jeans", "action_flag": 1, "change_message": "[{\"added\": {}}]"}}, {"model": "admin.logentry", "pk": 37, "fields": {"action_time": "2022-10-19T17:19:41.507Z", "user": 1, "content_type": 13, "object_id": "1", "object_repr": "t-shirts", "action_flag": 2, "change_message": "[{\"changed\": {\"fields\": [\"Name\", \"Friendly name\"]}}]"}}, {"model": "admin.logentry", "pk": 38, "fields": {"action_time": "2022-10-19T17:19:49.740Z", "user": 1, "content_type": 14, "object_id": "17", "object_repr": "test-tshirt", "action_flag": 2, "change_message": "[{\"changed\": {\"fields\": [\"Category\"]}}]"}}, {"model": "admin.logentry", "pk": 39, "fields": {"action_time": "2022-10-19T17:42:31.699Z", "user": 1, "content_type": 14, "object_id": "18", "object_repr": "jean2", "action_flag": 1, "change_message": "[{\"added\": {}}]"}}, {"model": "admin.logentry", "pk": 40, "fields": {"action_time": "2022-10-19T17:42:39.248Z", "user": 1, "content_type": 14, "object_id": "19", "object_repr": "jean2", "action_flag": 1, "change_message": "[{\"added\": {}}]"}}, {"model": "admin.logentry", "pk": 41, "fields": {"action_time": "2022-10-19T17:42:50.240Z", "user": 1, "content_type": 14, "object_id": "18", "object_repr": "jean2", "action_flag": 2, "change_message": "[{\"changed\": {\"fields\": [\"Category\", \"Sku\"]}}]"}}, {"model": "admin.logentry", "pk": 42, "fields": {"action_time": "2022-10-19T17:43:22.654Z", "user": 1, "content_type": 14, "object_id": "20", "object_repr": "t-3", "action_flag": 1, "change_message": "[{\"added\": {}}]"}}, {"model": "admin.logentry", "pk": 43, "fields": {"action_time": "2022-10-21T20:20:51.034Z", "user": 1, "content_type": 16, "object_id": "1", "object_repr": "CB9D8B1FFD414AC385C70640FE1F35BD", "action_flag": 2, "change_message": "[{\"deleted\": {\"name\": \"order line item\", \"object\": \"SKU 23423442 on order CB9D8B1FFD414AC385C70640FE1F35BD\"}}]"}}, {"model": "admin.logentry", "pk": 44, "fields": {"action_time": "2022-10-21T20:21:52.010Z", "user": 1, "content_type": 16, "object_id": "1", "object_repr": "CB9D8B1FFD414AC385C70640FE1F35BD", "action_flag": 2, "change_message": "[{\"deleted\": {\"name\": \"order line item\", \"object\": \"SKU jeans on order CB9D8B1FFD414AC385C70640FE1F35BD\"}}]"}}, {"model": "admin.logentry", "pk": 45, "fields": {"action_time": "2022-10-21T20:22:03.818Z", "user": 1, "content_type": 16, "object_id": "1", "object_repr": "CB9D8B1FFD414AC385C70640FE1F35BD", "action_flag": 3, "change_message": ""}}, {"model": "auth.user", "pk": 1, "fields": {"password": "pbkdf2_sha256$260000$nXEoS2lmSs2ny3AFLdkZgE$oMNOYcGhozJADbFgkLX9qzzH9XtfGhGyTnxUfg9+6ok=", "last_login": "2022-10-24T20:37:30.417Z", "is_superuser": true, "username": "admin", "first_name": "", "last_name": "", "email": "admin@gmail.com", "is_staff": true, "is_active": true, "date_joined": "2022-10-15T20:28:43.462Z", "groups": [], "user_permissions": []}}, {"model": "auth.user", "pk": 2, "fields": {"password": "pbkdf2_sha256$260000$18xa4zVfLKOWeRnoBDpcMg$1Py8v1+Z7PJD5mNN4Mwa66c7X/2q8EkbNR05rjNqWKY=", "last_login": null, "is_superuser": false, "username": "test", "first_name": "", "last_name": "", "email": "test@gmail.com", "is_staff": false, "is_active": true, "date_joined": "2022-10-24T20:31:41.013Z", "groups": [], "user_permissions": []}}, {"model": "sessions.session", "pk": "0zacsd4guwm7tffsclylhecj9xeeexe2", "fields": {"session_data": "eyJzYXZlX2luZm8iOmZhbHNlfQ:1omzi7:A-0ARulWvwXSKvI6R43HP-bUcVEPp50i51H9pxTrhxc", "expire_date": "2022-11-07T15:49:55.743Z"}}, {"model": "sessions.session", "pk": "8sz3a22zsxze3ewmctsbc287ywjfvca6", "fields": {"session_data": ".eJxVjLkOg0AMRP_FNVrFNhh2y_T5BuS9IIdA4qgQ_x6QKBJNN_PmbdDquvTtOqepfUZwgFD8dl7DOw3nEF86dKMJ47BMT29OxFzrbB5jTJ_7xf4Jep37483oCSvLaKVEyilLriWhlyogl9w0MSM1Xi0fEZZAGGq9Uaw5liThkHrtwG1A4KgAtOBw379izDuo:1olTGT:UyP-_I4rCKUcjCOmKVqi_3AU259Ouj4SF19bC9Qp1_A", "expire_date": "2022-11-03T10:59:05.402Z"}}, {"model": "sessions.session", "pk": "e2sa5ti6pime5b0rfl4fgd221lv55wms", "fields": {"session_data": "eyJfc2Vzc2lvbl9leHBpcnkiOjB9:1onPl4:xUe5GDt0S7CG0ay4zl-K--DbAIyX2sRgP8NjEIeIptw", "expire_date": "2022-11-08T19:38:42.668Z"}}, {"model": "sessions.session", "pk": "tz9nyl5gbxaogqwbx1l5zm25ng1j8smq", "fields": {"session_data": "eyJiYWciOnsiMiI6eyJpdGVtc19ieV9zaXplIjp7ImwiOjJ9fX19:1olXsO:202FMWrgQNFCVVYCaNoUcv7soKC8QD1zO2B4waRW6hM", "expire_date": "2022-11-03T15:54:32.711Z"}}, {"model": "sessions.session", "pk": "vaou75gfxj877rtvvhdk1ftcecgrr6q5", "fields": {"session_data": "eyJiYWciOnsiMTciOnsiaXRlbXNfYnlfc2l6ZSI6eyJtIjoxfX19fQ:1ombhy:wOgikN4H0Sb8kbmZog5FYFYUqXCI8axuMEfqXT_Ctc8", "expire_date": "2022-11-06T14:12:10.476Z"}}, {"model": "sites.site", "pk": 1, "fields": {"domain": "ivory.com", "name": "Ivory"}}, {"model": "account.emailaddress", "pk": 1, "fields": {"user": 1, "email": "admin@gmail.com", "verified": false, "primary": false}}, {"model": "account.emailaddress", "pk": 2, "fields": {"user": 2, "email": "test@gmail.com", "verified": true, "primary": true}}, {"model": "products.category", "pk": 1, "fields": {"name": "t-shirts", "friendly_name": "t-shirts"}}, {"model": "products.category", "pk": 2, "fields": {"name": "jeans", "friendly_name": "jeans"}}, {"model": "products.product", "pk": 1, "fields": {"category": 1, "sku": "ewe2323", "name": "test edit", "description": "lol", "has_sizes": true, "price": "75.01", "rating": "0.03", "image_url": null, "image": ""}}, {"model": "products.product", "pk": 2, "fields": {"category": null, "sku": "23423442", "name": "test2", "description": "test2", "has_sizes": true, "price": "75.00", "rating": null, "image_url": null, "image": "pexels-maria-loznevaya-13816113.jpg"}}, {"model": "products.product", "pk": 3, "fields": {"category": 1, "sku": "ewrwrewerwer", "name": "test3editttttt", "description": "test", "has_sizes": true, "price": "75.00", "rating": null, "image_url": null, "image": "IMG_1996.jpg"}}, {"model": "products.product", "pk": 16, "fields": {"category": 1, "sku": "t-shirt", "name": "t-shirt", "description": "t-shirt", "has_sizes": true, "price": "75.00", "rating": null, "image_url": null, "image": "pexels-maria-loznevaya-13816113_xDs6EVM.jpg"}}, {"model": "products.product", "pk": 17, "fields": {"category": 2, "sku": "test-tshirt", "name": "test-tshirt", "description": "testsete", "has_sizes": true, "price": "75.00", "rating": "0.01", "image_url": null, "image": "pexels-maria-loznevaya-13816113_9FHK9FZ.jpg"}}, {"model": "products.product", "pk": 18, "fields": {"category": 2, "sku": "jeans2", "name": "jean2", "description": "jean2", "has_sizes": true, "price": "10.00", "rating": "0.06", "image_url": null, "image": ""}}, {"model": "products.product", "pk": 19, "fields": {"category": 2, "sku": "jeans", "name": "jean2", "description": "jean2", "has_sizes": true, "price": "10.00", "rating": "0.06", "image_url": null, "image": "pexels-maria-loznevaya-13816113_1RBKTyN.jpg"}}, {"model": "products.product", "pk": 20, "fields": {"category": 1, "sku": "t-3", "name": "t-3", "description": "t-3", "has_sizes": true, "price": "100.00", "rating": null, "image_url": null, "image": "pexels-maria-loznevaya-13816113_dgnbaWd.jpg"}}, {"model": "products.product", "pk": 21, "fields": {"category": 1, "sku": null, "name": "tete", "description": "tete", "has_sizes": false, "price": "4.00", "rating": null, "image_url": null, "image": ""}}, {"model": "checkout.order", "pk": 2, "fields": {"order_number": "6E100B8A040C477EB76DF362AE512BF9", "user_profile": null, "full_name": "test", "email": "ethanowicks9@gmail.com", "phone_number": "07572012255", "country": "United Kingdom", "postcode": "KT8 2LD", "town_or_city": "West Molesey", "street_address1": "9 molesey park avenue", "street_address2": null, "county": "Surrey", "date": "2022-10-21T20:28:07.252Z", "delivery_cost": "0.00", "order_total": "75.00", "grand_total": "75.00", "original_bag": "", "stripe_pid": ""}}, {"model": "checkout.order", "pk": 3, "fields": {"order_number": "441CFC91D57E41ABB69BE00683240CE4", "user_profile": null, "full_name": "ethan wicks", "email": "ethanowicks9@gmail.com", "phone_number": "07572012255", "country": "United Kingdom", "postcode": "KT8 2LD", "town_or_city": "West Molesey", "street_address1": "9 molesey park avenue", "street_address2": null, "county": "Surrey", "date": "2022-10-21T20:37:54.321Z", "delivery_cost": "0.00", "order_total": "75.00", "grand_total": "75.00", "original_bag": "", "stripe_pid": ""}}, {"model": "checkout.order", "pk": 4, "fields": {"order_number": "836B50F9AEC640938D698A1857BAB715", "user_profile": null, "full_name": "test", "email": "test@gmail.com", "phone_number": "test", "country": "US", "postcode": "test", "town_or_city": "test", "street_address1": "test", "street_address2": null, "county": "test", "date": "2022-10-23T14:18:01.322Z", "delivery_cost": "0.00", "order_total": "100.00", "grand_total": "100.00", "original_bag": "", "stripe_pid": ""}}, {"model": "checkout.order", "pk": 5, "fields": {"order_number": "FE028BCC5CFD48B99EC9AC82C16E9206", "user_profile": null, "full_name": "test", "email": "test@gmail.com", "phone_number": "test", "country": "US", "postcode": "test", "town_or_city": "test", "street_address1": "test", "street_address2": "test", "county": "test", "date": "2022-10-23T14:19:36.072Z", "delivery_cost": "0.00", "order_total": "75.00", "grand_total": "75.00", "original_bag": "", "stripe_pid": ""}}, {"model": "checkout.order", "pk": 6, "fields": {"order_number": "E8508C0568D9476BACCF456EBAAA98F2", "user_profile": null, "full_name": "test", "email": "test@gmail.com", "phone_number": "test", "country": "US", "postcode": "test", "town_or_city": "test", "street_address1": "test", "street_address2": "test", "county": "test", "date": "2022-10-23T14:22:02.158Z", "delivery_cost": "0.00", "order_total": "75.00", "grand_total": "75.00", "original_bag": "", "stripe_pid": ""}}, {"model": "checkout.order", "pk": 7, "fields": {"order_number": "DA2C96777EC347C58EF03A05215C40B3", "user_profile": null, "full_name": "test", "email": "ethanowicks9@gmail.com", "phone_number": "07572012255", "country": "US", "postcode": "KT8 2LD", "town_or_city": "West Molesey", "street_address1": "9 molesey park avenue", "street_address2": null, "county": "Surrey", "date": "2022-10-23T14:33:07.577Z", "delivery_cost": "0.00", "order_total": "75.00", "grand_total": "75.00", "original_bag": "", "stripe_pid": ""}}, {"model": "checkout.order", "pk": 8, "fields": {"order_number": "A361E1A037794839AB88F8BCBC5A2A70", "user_profile": null, "full_name": "ethan wicks", "email": "ethanowicks9@gmail.com", "phone_number": "07572012255", "country": "US", "postcode": "KT8 2LD", "town_or_city": "West Molesey", "street_address1": "9 molesey park avenue", "street_address2": null, "county": "Surrey", "date": "2022-10-24T10:44:41.227Z", "delivery_cost": "0.00", "order_total": "75.00", "grand_total": "75.00", "original_bag": "{\"16\": {\"items_by_size\": {\"m\": 1}}}", "stripe_pid": "pi_3LwO8ZH61YyoyZ0i0TBPwx1Z"}}, {"model": "checkout.order", "pk": 9, "fields": {"order_number": "291282EF2FB7494AB75ABAA955CAD729", "user_profile": null, "full_name": "ethan wicks", "email": "ethanowicks9@gmail.com", "phone_number": "07572012255", "country": "US", "postcode": "KT8 2LD", "town_or_city": "West Molesey", "street_address1": "9 molesey park avenue", "street_address2": null, "county": "Surrey", "date": "2022-10-24T14:59:41.839Z", "delivery_cost": "0.00", "order_total": "75.00", "grand_total": "75.00", "original_bag": "{\"16\": {\"items_by_size\": {\"m\": 1}}}", "stripe_pid": "pi_3LwS7aH61YyoyZ0i0WeVIj3F"}}, {"model": "checkout.order", "pk": 10, "fields": {"order_number": "7D511C19E12B48F78D31299B3DD3C341", "user_profile": null, "full_name": "ethan wicks", "email": "ethanowicks9@gmail.com", "phone_number": "07572012255", "country": "US", "postcode": "KT8 2LD", "town_or_city": "West Molesey", "street_address1": "9 molesey park avenue", "street_address2": null, "county": "Surrey", "date": "2022-10-24T15:07:25.991Z", "delivery_cost": "0.00", "order_total": "75.00", "grand_total": "75.00", "original_bag": "{\"16\": {\"items_by_size\": {\"m\": 1}}}", "stripe_pid": "pi_3LwSF5H61YyoyZ0i0mcO2jUH"}}, {"model": "checkout.order", "pk": 11, "fields": {"order_number": "308187E2E78F443485C9A3D1EC81EA33", "user_profile": null, "full_name": "1213", "email": "test@test.com", "phone_number": "0", "country": "GB", "postcode": null, "town_or_city": "Town", "street_address1": "1 Street", "street_address2": null, "county": null, "date": "2022-10-24T15:49:55.644Z", "delivery_cost": "0.00", "order_total": "75.00", "grand_total": "75.00", "original_bag": "{\"2\": {\"items_by_size\": {\"m\": 1}}}", "stripe_pid": "pi_3LwStmH61YyoyZ0i0IoecPjM"}}, {"model": "checkout.order", "pk": 12, "fields": {"order_number": "AF23E9ADFF844A6CA6EE8CBFD7EC42E5", "user_profile": null, "full_name": "ethan wicks", "email": "ethanowicks9@gmail.com", "phone_number": "07572012255", "country": "US", "postcode": "KT8 2LD", "town_or_city": "West Molesey", "street_address1": "9 molesey park avenue", "street_address2": null, "county": "Surrey", "date": "2022-10-24T15:52:35.585Z", "delivery_cost": "0.00", "order_total": "75.00", "grand_total": "75.00", "original_bag": "{\"16\": {\"items_by_size\": {\"m\": 1}}}", "stripe_pid": "pi_3LwSwhH61YyoyZ0i1Lm0uJce"}}, {"model": "checkout.order", "pk": 13, "fields": {"order_number": "9A5C8602FCBB40A393357A585A4CC457", "user_profile": 2, "full_name": "test", "email": "admin@gmail.com", "phone_number": "1234567890", "country": "BJ", "postcode": "test", "town_or_city": "new county", "street_address1": "123 45th Street", "street_address2": null, "county": "Anywhere", "date": "2022-10-25T17:55:05.424Z", "delivery_cost": "0.00", "order_total": "75.00", "grand_total": "75.00", "original_bag": "{\"2\": {\"items_by_size\": {\"m\": 1}}}", "stripe_pid": "pi_3LwrKrH61YyoyZ0i0DQVDbfY"}}, {"model": "checkout.order", "pk": 14, "fields": {"order_number": "E0319C7FB5764E63BF6757D014A19CBA", "user_profile": 2, "full_name": "ethaaaaaaaaaaaaa", "email": "admin@gmail.com", "phone_number": "1234567890", "country": "BJ", "postcode": "test", "town_or_city": "new county", "street_address1": "123 45th Streetttttttttt", "street_address2": null, "county": "Anywhere", "date": "2022-10-25T18:02:42.202Z", "delivery_cost": "0.00", "order_total": "75.00", "grand_total": "75.00", "original_bag": "{\"16\": {\"items_by_size\": {\"m\": 1}}}", "stripe_pid": "pi_3LwrS8H61YyoyZ0i1nlVVMWe"}}, {"model": "checkout.order", "pk": 15, "fields": {"order_number": "A1F864C1D34F4D818A4CAC8B09DBC101", "user_profile": 2, "full_name": "tetetetetetetetetetetetet", "email": "admin@gmail.com", "phone_number": "1234567890", "country": "BJ", "postcode": "test", "town_or_city": "new county", "street_address1": "123 45th Streetttttttttt", "street_address2": null, "county": "Anywhere", "date": "2022-10-25T18:07:58.531Z", "delivery_cost": "0.00", "order_total": "75.00", "grand_total": "75.00", "original_bag": "{\"2\": {\"items_by_size\": {\"m\": 1}}}", "stripe_pid": "pi_3LwrXHH61YyoyZ0i0INGUPZb"}}, {"model": "checkout.order", "pk": 16, "fields": {"order_number": "E2BE601CD8BB4E4897368037DC6F8CB9", "user_profile": 2, "full_name": "test", "email": "admin@gmail.com", "phone_number": "1234567890", "country": "BJ", "postcode": "test", "town_or_city": "new county", "street_address1": "123 45th Streetttttttttt", "street_address2": null, "county": "Anywhere", "date": "2022-10-25T18:17:40.357Z", "delivery_cost": "0.00", "order_total": "75.00", "grand_total": "75.00", "original_bag": "{\"2\": {\"items_by_size\": {\"m\": 1}}}", "stripe_pid": "pi_3LwrgfH61YyoyZ0i1zXUAerZ"}}, {"model": "checkout.orderlineitem", "pk": 3, "fields": {"order": 2, "product": 2, "product_size": "m", "quantity": 1, "lineitem_total": "75.00"}}, {"model": "checkout.orderlineitem", "pk": 4, "fields": {"order": 3, "product": 16, "product_size": "m", "quantity": 1, "lineitem_total": "75.00"}}, {"model": "checkout.orderlineitem", "pk": 5, "fields": {"order": 4, "product": 20, "product_size": "m", "quantity": 1, "lineitem_total": "100.00"}}, {"model": "checkout.orderlineitem", "pk": 6, "fields": {"order": 5, "product": 16, "product_size": "m", "quantity": 1, "lineitem_total": "75.00"}}, {"model": "checkout.orderlineitem", "pk": 7, "fields": {"order": 6, "product": 16, "product_size": "m", "quantity": 1, "lineitem_total": "75.00"}}, {"model": "checkout.orderlineitem", "pk": 8, "fields": {"order": 7, "product": 16, "product_size": "m", "quantity": 1, "lineitem_total": "75.00"}}, {"model": "checkout.orderlineitem", "pk": 9, "fields": {"order": 8, "product": 16, "product_size": "m", "quantity": 1, "lineitem_total": "75.00"}}, {"model": "checkout.orderlineitem", "pk": 10, "fields": {"order": 9, "product": 16, "product_size": "m", "quantity": 1, "lineitem_total": "75.00"}}, {"model": "checkout.orderlineitem", "pk": 11, "fields": {"order": 10, "product": 16, "product_size": "m", "quantity": 1, "lineitem_total": "75.00"}}, {"model": "checkout.orderlineitem", "pk": 12, "fields": {"order": 11, "product": 2, "product_size": "m", "quantity": 1, "lineitem_total": "75.00"}}, {"model": "checkout.orderlineitem", "pk": 13, "fields": {"order": 12, "product": 16, "product_size": "m", "quantity": 1, "lineitem_total": "75.00"}}, {"model": "checkout.orderlineitem", "pk": 14, "fields": {"order": 13, "product": 2, "product_size": "m", "quantity": 1, "lineitem_total": "75.00"}}, {"model": "checkout.orderlineitem", "pk": 15, "fields": {"order": 14, "product": 16, "product_size": "m", "quantity": 1, "lineitem_total": "75.00"}}, {"model": "checkout.orderlineitem", "pk": 16, "fields": {"order": 15, "product": 2, "product_size": "m", "quantity": 1, "lineitem_total": "75.00"}}, {"model": "checkout.orderlineitem", "pk": 17, "fields": {"order": 16, "product": 2, "product_size": "m", "quantity": 1, "lineitem_total": "75.00"}}, {"model": "profiles.userprofile", "pk": 1, "fields": {"user": 2, "default_phone_number": null, "default_street_address1": null, "default_street_address2": null, "default_county": null, "default_town_or_city": null, "default_postcode": null, "default_country": null}}, {"model": "profiles.userprofile", "pk": 2, "fields": {"user": 1, "default_phone_number": "1234567890", "default_street_address1": "123 45th Streetttttttttt", "default_street_address2": null, "default_county": "Anywhere", "default_town_or_city": "new county", "default_postcode": "test", "default_country": "BJ"}}]